movieId,movieName,Date,Director,Actor,Length,Country
344929,前任3：再见前任,2017-12-29,田羽生,韩庚、郑恺、于文文、曾梦雪,119.0,中国大陆
1170264,芳华,2017-12-15,冯小刚,黄轩、苗苗、钟楚曦、杨采钰,136.0,中国大陆
1200984,妖铃铃,2017-12-29,吴君如,吴君如、沈腾、岳云鹏、张译,88.0,"中国大陆,中国香港"
368135,二代妖精之今生有幸,2017-12-29,肖洋,冯绍峰、刘亦菲、李光洁、郭京飞,110.0,中国大陆
343945,解忧杂货店,2017-12-29,韩杰,王俊凯、迪丽热巴、董子健、李鸿其,109.0,"中国大陆,中国香港"
345862,妖猫传,2017-12-22,陈凯歌,周雨、黄轩、染谷将太、张雨绮,129.0,"中国大陆,日本"
342068,寻梦环游记,2017-11-24,李·昂克里奇,安东尼·冈萨雷斯、本杰明·布拉特、盖尔·加西亚·贝纳尔、李·昂克里奇,105.0,美国
655258,机器之血,2017-12-22,张立嘉,成龙、罗志祥、欧阳娜娜、夏侯云姗,110.0,"中国大陆,中国台湾"
343905,帕丁顿熊2,2017-12-08,保罗·金,本·威士肖、杜江、休·格兰特、莎莉·霍金斯,103.0,"英国,法国,美国"
1197732,心理罪之城市之光,2017-12-22,徐纪周,邓超、阮经天、宋晓军、刘诗诗,124.0,中国大陆
1212450,小猫巴克里,2017-12-30,邱立伟,郭馨雅、林佑俽、屈中恒、蒋笃慧,86.0,中国台湾
1211570,咕噜咕噜美人鱼2,2017-12-30,杨广福,丁莹莹、杨进、卢瑶、苏子芜,92.0,中国大陆
337443,至爱梵高·星空之谜,2017-12-08,多洛塔·科别拉,道格拉斯·布斯、赵天宇、罗伯特·古拉奇克、多洛塔·科别拉,95.0,"英国,波兰"
344183,奇门遁甲,2017-12-14,袁和平,大鹏、倪妮、李治廷、周冬雨,113.0,"中国大陆,中国香港"
1204720,妈妈咪鸭,2018-03-09,赵锐,赵路、武皓栋、殷筱瑜、赵锐,90.0,"中国大陆,美国"
346625,至暗时刻,2017-12-01,乔·赖特,加里·奥德曼、克里斯汀·斯科特·托马斯、莉莉·詹姆斯、本·门德尔森,125.0,"英国,美国"
1135401,咖啡风暴,2017-12-30,克里斯蒂亚诺·博尔托内,米瑞安·达尔马兹欧、谭卓、芦芳生、黎一墨,110.0,"中国大陆,意大利,比利时"
342568,诡梦凶铃,2016-09-23,邓安东,方力申、李斯丹妮、王馨彤、何映桥,90.0,中国大陆
341195,正义联盟,2017-11-17,扎克·施奈德,本·阿弗莱克、亨利·卡维尔、盖尔·加朵、杰森·莫玛,120.0,美国
1212376,惊魂七夜,2017-12-21,喻彬,陈美行、曾帅、濡雪、沈凯,90.0,中国大陆
342362,相声大电影之我要幸福,2017-12-01,张栾,郭德纲、于谦、岳云鹏、郭麒麟,92.0,中国大陆
344422,东方快车谋杀案,2017-11-10,肯尼思·布拉纳,肯尼思·布拉纳、刘风、约翰尼·德普、王千源,114.0,"美国,马耳他"
1208145,笔仙咒怨,2017-12-01,邓安东,罗翔、江兰萱、俞晓晔、马卉,96.0,中国大陆
618704,七十七天,2017-11-03,赵汉唐,江一燕、赵汉唐、达哇桑周、洛桑群培,115.0,中国大陆
342109,咕噜咕噜美人鱼,2015-12-12,杨广福,张美娟、刘若班、赵梦娇、陈大刚,90.0,中国大陆
344661,邹碧华,2017-11-20,王兴东,王诗槐、刘小锋、王兴东、田水泉,88.0,中国大陆
1206402,圣诞奇妙公司,2017-12-15,阿兰·夏巴,阿兰·夏巴、奥黛丽·塔图、皮奥·马麦、格什菲·法拉哈尼,99.0,法国
1203120,巨额来电,2017-12-08,彭顺,陈学冬、张孝全、桂纶镁、蒋梦婕,123.0,"中国大陆,中国香港"
247948,星球大战：最后的绝地武士,2018-01-05,莱恩·约翰逊,黛西·雷德利、约翰·博耶加、奥斯卡·伊萨克、亚当·德赖弗,152.0,美国
1211089,北平以北,2017-12-08,艾辛,方亮,99.0,中国大陆
343447,尼斯：疯狂的心,2018-01-05,罗伯托·柏林厄,格劳瑞·皮尔丝、罗伯塔·罗德里格斯、费尔南多·埃拉斯、法布里肖·博利韦拉,109.0,巴西
1211465,醉佳导演,2018-01-05,武圣基,贺军翔、江若琳、刘宇、姚橹,89.0,中国大陆
1209177,南哥,2017-10-17,郑华,茹萍、艾丽娅、郑华、潘钧,91.0,中国大陆
672130,奇迹男孩,2018-01-19,斯蒂芬·卓博斯基,雅各布·特瑞布雷、朱莉娅·罗伯茨、欧文·威尔逊、伊扎贝拉·维多维奇,113.0,"美国,中国香港"
1209260,卧底巨星,2018-01-12,谷德昭,陈奕迅、李荣浩、李一桐、陈国坤,98.0,"中国大陆,中国香港"
1211555,天籁梦想,2018-01-09,张唯,落松土登、噶玛松姆、益西旦增、班玛久买,85.0,中国大陆
1211063,太空救援,2018-01-12,克利姆·希片科,弗拉季米尔·弗多维琴科夫、柳波芙·阿克肖诺娃、欧克萨娜·范德拉、玛丽亚·米罗诺娃,104.0,俄罗斯
341897,勇敢者游戏：决战丛林,2018-01-12,杰克·卡斯丹,道恩·强森、凯文·哈特、杰克·布莱克、凯伦·吉兰,119.0,美国
1200609,大世界,2018-01-12,刘健,朱昌龙、曹恺、曹寇、薛峰,77.0,中国大陆
71946,无问西东,2018-01-12,李芳芳,章子怡、黄晓明、王力宏、张震,138.0,中国大陆
344453,整形师·脸,2016-05-20,黄军,浦蒲、李雯雯、方慧、刘天佐,101.0,中国大陆
1210956,童话先生,2017-10-24,李宗泰,曹操、王静博、甫枭虎、蒋欣枚,90.0,中国大陆
329733,迷镇凶案,2018-01-12,乔治·克鲁尼,马特·达蒙、朱丽安·摩尔、奥斯卡·伊萨克、诺亚·尤佩,105.0,"美国,英国"
1211693,时空终点,2018-01-12,叶小舟,欧阳佳、高翔、雷诺儿、马筱哲,95.0,中国大陆
1208122,神秘巨星,2018-01-19,阿德瓦·香登,阿米尔·汗、塞伊拉·沃西、拉杰·阿晶、法如克·贾法尔,150.0,印度
493549,大寒,2018-08-14,张跃平,张双兵、鲁园、许薇、李可,110.0,中国大陆
346180,青蛙总动员,2016-04-30,杨仁贤,吉静、郭政建、白涛、杨仁贤,74.0,"中国大陆,中国台湾"
343887,守信少年,2015-09-01,齐为民,黑妹、王晓曦、郑雪、储小鹏,100.0,中国大陆
78537,我的影子在奔跑,2018-01-16,方刚亮,张静初、龙品旭、黎兆丰、王同辉,93.0,中国大陆
341323,一个人的课堂,2018-01-16,李军林,孙海英、韩三明、王乃训、宋四维,105.0,中国大陆
1212628,只想好好和你在一起,2018-01-05,屈珂羽,杨小璇、郑淑贤、周婧、刘嘉芮,95.0,中国大陆
1048288,英雄本色2018,2018-01-18,丁晟,王凯、马天宇、王大陆、余皑磊,110.0,中国大陆
344771,谜巢,2018-01-19,金波·兰道,李冰冰、凯南·鲁兹、吴尊、凯尔希·格兰莫,90.0,"中国大陆,澳大利亚"
828745,公牛历险记,2018-01-19,卡洛斯·沙尔丹哈,约翰·塞纳、莉莉·戴、凯特·麦克金农、安东尼·安德森,108.0,美国
344080,第一夫人,2018-01-19,帕布罗·拉雷恩,娜塔莉·波特曼、彼得·萨斯加德、格蕾塔·葛韦格、比利·克鲁德普,100.0,"美国,法国,智利"
1212519,芒刺,2018-01-16,陈俊霖,隋名旸、石峄、程小夏、赵芙丽,88.0,中国大陆
344323,S4侠降魔记,2018-01-26,李克龙,刘小光、文松、黄俊鹏、王雅捷,98.0,中国大陆
1170247,你在哪,2017-11-30,樊昊仑,景珂、樊昊仑、上白、周韵茹,100.0,中国大陆
1213065,柳毅奇缘,2018-01-18,邓原,丁凡、曾小敏、彭庆华、邓原,112.0,中国大陆
337226,我们诞生在中国,2016-08-12,陆川,周迅、约翰·卡拉辛斯基、Jo Frost、克莱尔·凯姆,79.0,"美国,英国,中国大陆"
345063,大象林旺之一炮成名,2017-08-04,李涛歌,宋晓宇、李垚、徐炜、葛平,77.0,中国大陆
344264,战狼2,2017-07-27,吴京,吴京、弗兰克·格里罗、吴刚、张翰,123.0,中国大陆
1199974,大雪冬至,2018-01-25,邢潇,祝希娟、李金斗、张桐、赵婉瑜,87.0,中国大陆
1203355,领袖1935,2017-03-28,周琦,刘劲、王晖、吴京安、周琦,104.0,中国大陆
343793,村戏,2018-03-17,郑大圣,李志兵、梁春柱、王春明、吕爱华,100.0,中国大陆
1211086,敦煌不了情,2018-12-07,郭宜林,林保怡、梦丽、曹操、赵圆圆,92.0,中国大陆
558308,绝命时钟2:22,2018-01-26,保罗·柯瑞,米希尔·赫伊斯曼、泰莉莎·帕尔墨、萨姆·里德、梅芙·德莫迪,98.0,"美国,澳大利亚"
78230,告诉他们，我随白鹤去了,2012-09-05,李睿珺,马新春、汤龙、王思懿、张敏,99.0,中国大陆
1213016,天使的声音,2018-01-20,和成,王倩、杨正驰、石菲、张艺杰,92.0,中国大陆
338493,南极之恋,2018-02-01,吴有音,赵又廷、杨子姗、白雪、Sun Di,117.0,中国大陆
1197625,血战湘江,2017-06-30,陈力,王霙、保剑锋、董勇、张一山,118.0,中国大陆
345963,阿里巴巴2所罗门封印,2016-04-30,郑成峰,丁妍、叶芳、杨进、孙科,81.0,中国大陆
248639,移动迷宫3：死亡解药,2018-01-26,韦斯·鲍尔,迪伦·奥布莱恩、卡雅·斯考达里奥、托马斯·布罗迪-桑斯特、李起弘,142.0,美国
643506,古镇画情,2009-12-31,,韩夫一,,中国大陆
319904,盛世秧歌,2007-12-31,孙小茹,季晨、朱子岩、李庆友,,中国大陆
1200675,玛格丽特的春天,2017-03-10,王宁,艾伦、王自健、田亮、胡杏儿,90.0,中国大陆
475721,24小时：末路重生,2018-01-26,布莱恩·斯莫兹,伊桑·霍克、许晴、利亚姆·坎宁安、鲁特格尔·哈尔,93.0,"美国,中国大陆,南非"
652628,五度空间,2018-01-26,夏克平,邹东孝、梁超、侯京健、夏克平,88.0,中国大陆
1211482,熊出没·变形记,2018-02-16,丁亮,谭笑、贝丝·比厄、丁亮、林汇达,89.0,中国大陆
341540,麦兵兵之夺宝联“萌”,2018-01-27,胡鹤译,萌猪、张震、大鹅、李侥,87.0,中国大陆
246714,马戏之王,2018-02-01,迈克尔·格雷西,休·杰克曼、扎克·埃夫隆、米歇尔·威廉姆斯、丽贝卡·弗格森,105.0,美国
1212533,金龟子,2018-02-02,丁实,刘纯燕、杨晨、王宁、刘波,77.0,中国大陆
343526,我是哪吒,2016-10-01,舒展,陶典、韩娇娇、刘垚、彭博,83.0,中国大陆
1189346,时空偷渡少女,2018-02-01,吴琴,王安琪、王晨、高寒、高嵩,92.0,中国大陆
1212979,小狗奶瓶,2018-02-02,彭力,奶瓶、康潇诺、魏子涵、高婷婷,91.0,中国大陆
1208748,小马宝莉大电影,2018-02-02,杰森·西森,乌佐·阿杜巴、艾米莉·布朗特、克里斯汀·肯诺恩斯、塔拉·斯特朗,99.0,"美国,加拿大"
1210930,梭哈人生,2018-01-30,郑来志,谭杰希、施予斐、赵樱子、孟智超,90.0,中国大陆
1212787,坏爸爸,2018-02-02,兰城序,邵兵、孙绍龙、赵圆圆、孔琳,92.0,中国大陆
1136547,疯狂丑小鸭,2016-10-03,郑成峰,王雪沁、杨进、张洋、郑成峰,81.0,中国大陆
342869,青春逗,2017-10-20,郑仕明,姜潮、张嘉倪、金恩圣、马春瑞,97.0,中国大陆
262872,珍珠塔,2016-02-05,,倪同芳、周东亮、张金华、董云华,,中国大陆
1208343,毕业旅行笑翻天,2018-02-01,胡圣亚,邱胜翊、王栎鑫、胡圣亚、张毅,98.0,"中国大陆,中国台湾"
1204714,忌日快乐,2018-02-02,克里斯托弗·兰登,杰西卡·罗德、伊瑟尔·布罗萨德、露比·莫迪恩、查尔斯·艾特肯,96.0,美国
330115,我和神马查干,2012-12-05,侯克明,,90.0,中国大陆
1203768,浪矢解忧杂货店,2018-02-02,广木隆一,山田凉介、尾野真千子、村上虹郎、林遣都,129.0,日本
338463,西游记女儿国,2018-02-16,郑保瑞,郭富城、冯绍峰、赵丽颖、小沈阳,116.0,"中国大陆,中国香港"
487449,心灵的阳光,2011-12-31,,周浩东、苗苗、霍泥芳,,中国大陆
1177952,狗狗的疯狂假期,2018-02-02,阿尔韦托·罗德里格斯,丹尼·罗维拉、何塞·莫塔、阿尔韦托·罗德里格斯、阿尔贝托·罗德里格,90.0,西班牙
858598,莫斯科陷落,2018-02-02,费奥多尔·邦达尔丘克,伊琳娜·斯达申鲍姆、欧列格·缅希科夫、谢尔盖·加尔马什、奥列格·缅希科夫,132.0,俄罗斯
1204800,余额不足,2018-02-02,卫捷,柯伯龙、闫鹿杨、左腾云、王多多,97.0,中国大陆
341999,盲·道,2018-02-02,李杨,李杨、杜函梦、胡明、钱哆多,110.0,中国大陆
345011,建军大业,2017-07-27,刘伟强,刘烨、朱亚文、黄志忠、王景春,133.0,中国大陆
1182552,红海行动,2018-02-16,林超贤,张译、黄景瑜、海清、杜江,138.0,"中国大陆,中国香港"
1199446,泡芙小姐,2018-02-09,张歆艺,张歆艺、王艳洁、王栎鑫、谭维维,96.0,中国大陆
1212982,人怕出名猪怕壮,2018-02-20,彭建伟,沈伐、岳红、朱子岩、黄梁宇,97.0,中国大陆
343944,太空熊猫英雄归来,2016-04-02,郑成峰,丁妍、王亚林、叶芳、王雪沁,81.0,中国大陆
1213080,疯狂熊孩子,2018-02-09,李振,王一鸣、吴军、李屹伦、张博,88.0,中国大陆
1157354,大导归来,2018-02-09,李诚儒,李诚儒、王姬、张桐、于金源,95.0,中国大陆
1213057,无迹可寻,2018-02-09,张帆,宋洋、李晓红、蒋一铭、淳于珊珊,90.0,中国大陆
340946,纯洁心灵·逐梦演艺圈,2018-02-09,毕志飞,毕志飞、朱一文、李彦漫、张芷榕,98.0,中国大陆
13457,龙凤斗,2018-02-10,杜琪峰,刘德华、郑秀文、吴嘉龙、林家栋,91.0,中国香港
667783,爱在记忆消逝前,2018-02-23,保罗·维尔齐,海伦·米伦、唐纳德·萨瑟兰、简·默勒尼、克里斯蒂·米切尔,112.0,"意大利,法国"
1217159,爱情的单程列车,2018-02-14,张雷,范军、李月、郑亚龙、王倚天,90.0,中国大陆
836,毕业那年,2012-09-21,姚宇,叶青青、顾莉雅、朱文超、王仲欣,88.0,中国大陆
343136,小萝莉的猴神大叔,2018-03-02,卡比尔·汗,萨尔曼·汗、卡琳娜·卡普、哈莎莉·马洛特拉、纳瓦祖丁·席迪圭,141.0,印度
1211538,祖宗十九代,2018-02-16,郭德纲,岳云鹏、吴京、吴秀波、井柏然,95.0,中国大陆
344990,唐人街探案2,2018-02-16,陈思诚,王宝强、刘昊然、肖央、刘承羽,120.0,中国大陆
346272,捉妖记2,2018-02-16,许诚毅,梁朝伟、白百何、井柏然、李宇春,110.0,"中国大陆,中国香港"
342754,三块广告牌,2018-03-02,马丁·麦克唐纳,弗兰西斯·麦克多蒙德、伍迪·哈里森、山姆·洛克威尔、艾比·考尼什,115.0,"美国,英国"
343762,比得兔,2018-03-02,威尔·古勒,詹姆斯·柯登、多姆纳尔·格里森、萝丝·拜恩、玛歌特·罗比,95.0,美国
1203436,金钱世界,2018-03-02,雷德利·斯科特,米歇尔·威廉姆斯、克里斯托弗·普卢默、马克·沃尔伯格、查理·普拉默,124.0,"美国,英国"
247083,闺蜜2,2018-03-02,黄真真,陈意涵、张钧甯、薛凯琪、王水林,109.0,"中国香港,中国大陆"
1196183,翻滚吧姐妹,2018-03-01,王钲,冯铭潮、赵多娜、陈美行、厉娜,87.0,中国大陆
1132373,宇宙有爱浪漫同游,2018-03-02,陈思行,郭碧婷、白冰、陈思行、陈加玲,92.0,中国香港
1217637,厉害了，我的国,2018-03-02,卫铁,,90.0,中国大陆
1213237,落绕,2018-03-02,侯翀,王艺曈、周杰、李虎城、杜建桥,94.0,中国大陆
337191,妄想症,2016-05-06,彭发,周柏豪、安琥、洪辰、程媛媛,90.0,"中国大陆,中国香港"
344742,完美有多美,2017-02-17,梁栋,姜武、蒋勤勤、朱旭、李乃文,92.0,中国大陆
1201381,恋爱回旋,2018-03-09,石川淳一,新垣结衣、永山瑛太、广末凉子、远藤宪一,119.0,日本
341138,黑豹,2018-03-09,瑞恩·库格勒,查德维克·博斯曼、迈克尔·B·乔丹、露皮塔·尼永奥、丹娜·奎里拉,134.0,"美国,南非,韩国,澳大利亚"
642167,飞鸟历险记,2018-03-08,克里斯蒂安·德·维塔,亚瑟·杜彭、莎拉·弗里斯蒂、布鲁诺·萨拉曼、皮埃尔·里夏尔,91.0,法国
1212413,大坏狐狸的故事,2018-03-16,本杰明·雷内,纪尧姆·达尔诺、鲍里斯·雷林格、席琳·荣特、本杰明·雷内,83.0,法国
344540,灵魂当铺之时间典当,2018-03-09,刘赫尧,姚奕辰、乔乔、曹卫宇、蒋方婷,86.0,中国大陆
367767,十七后 与青春化敌为友,2018-03-16,罗颂其,中泽祥、翁滋蔓、高艺、罗颂其,90.0,"中国大陆,中国台湾"
345991,暴裂无声,2018-04-04,忻钰坤,宋洋、姜武、袁文康、谭卓,120.0,中国大陆
1204622,水形物语,2018-03-16,吉尔莫·德尔·托罗,莎莉·霍金斯、迈克尔·珊农、理查德·詹金斯、道格·琼斯,123.0,美国
257739,古墓丽影：源起之战,2018-03-16,罗阿尔·乌索格,艾丽西亚·维坎德、多米尼克·威斯特、沃尔顿·戈金斯、吴彦祖,118.0,美国
1205320,玲珑井,2018-03-16,海鹏,宋睿、罗翔、曾漪莲、余爱笑,81.0,中国大陆
328844,虎皮萌企鹅,2018-03-16,大卫阿拉克斯,保罗·鲍恩、菲利普·波佐、帕斯卡尔·卡萨诺瓦、Emmanuel Curtil,97.0,法国
344043,圣诞大赢家,2015-12-12,殷玉麒,洛如菲、宝木中阳、阿杰、殷玉麒,85.0,中国大陆
1200978,遇见你真好,2018-03-29,顾长卫,白客、蓝盈莹、张海宇、周楚濋,99.0,中国大陆
1210870,光影之战,2017-10-04,陈钺晖,连诗雅、向俞星、范薇、陈怡凡,96.0,中国大陆
78460,环太平洋：雷霆再起,2018-03-23,斯蒂文·S·迪奈特,约翰·博耶加、斯科特·伊斯特伍德、景甜、卡莉·史派妮,111.0,美国
344164,脱皮爸爸,2018-03-23,司徒慧焯,吴镇宇、古天乐、春夏、蔡洁,105.0,"中国大陆,中国香港"
568602,无眸之杀,2018-03-23,沈嵘,洪秀儿、李雅男、袁伶嫣、于非,82.0,中国大陆
1132273,青春24秒,2018-03-23,季钢,黄俊捷、魏晚秋、闫露娢、陈诚,85.0,中国大陆
1182417,萌犬好声音,2018-03-24,罗伯特·文斯,麦肯泽·摩斯、杰德·瑞斯、大卫·德路易斯、卡拉·吉门内斯,92.0,加拿大
345593,三伏天,2018-03-30,乔丹·席勒,黄璐、罗蓝山、田牧宸,96.0,中国大陆
1180993,花滑女王,2018-03-30,奥列格·特罗费姆,阿格莱亚·塔拉索娃、亚历山大·佩特罗夫、米洛斯·比柯维奇、瑟妮娅·拉芙洛娃-格林卡,113.0,俄罗斯
1217885,玩命,2018-03-30,李炳渊,李炳渊、大卫·贝尔、李炳雷、黄译萱,88.0,中国大陆
410641,我说的都是真的,2018-03-30,刘仪伟,小沈阳、陈意涵、吴樾、罗海琼,99.0,中国大陆
672184,中邪,2016-07-23,马凯,董天文、何佳、赵树达、文中学,110.0,中国大陆
1200245,第三度嫌疑人,2018-03-30,是枝裕和,福山雅治、役所广司、广濑铃、满岛真之介,124.0,日本
341178,头号玩家,2018-03-30,史蒂文·斯皮尔伯格,泰伊·谢里丹、奥利维亚·库克、本·门德尔森、丽娜·维特,140.0,美国
342900,通勤营救,2018-03-30,佐米·希尔拉,连姆·尼森、维拉·法梅加、帕特里克·威尔森、乔纳森·班克斯,104.0,"美国,英国"
1212248,爱的帕斯卡,2018-03-30,刘海,许还山、周知、奚美娟、王栎鑫,97.0,中国大陆
1217727,河间圣手,2018-03-29,孙爱国,杨子骅、孟晓涵、张学仁、杨千里,92.0,中国大陆
881837,起跑线,2018-04-04,萨基特·乔杜里,伊尔凡·可汗、萨巴·卡玛尔、内哈·迪胡皮阿、迪帕克·迪布里亚尔,132.0,印度
341941,冰雪女王3：火与冰,2018-04-05,阿列克谢·特斯蒂斯林,杰森·格里菲斯、劳里·海梅斯、迪·布拉雷·贝克尔、瓦内莎·约翰逊,90.0,俄罗斯
1213193,猫与桃花源,2018-04-05,王微,李宇峰、杨砚铎、周华健、张喆,105.0,中国大陆
344551,清水里的刀子,2018-04-04,王学博,马子善、耶而古拜、周进花、马志林,93.0,中国大陆
248916,铁道飞虎,2016-12-23,丁晟,成龙、昱霖、黄子韬、房祖名,124.0,中国大陆
343176,奇葩朵朵,2018-04-04,李欣,张若昀、马思纯、李现、李欣,98.0,中国大陆
1212344,凌晨两点半,2018-04-13,王静儿,陈美行、周庚禹、王子航、李哲羽,86.0,中国大陆
338426,湮灭,2018-04-13,亚历克斯·嘉兰,娜塔莉·波特曼、詹妮弗·杰森·李、吉娜·罗德里格兹、泰莎·汤普森,114.0,"美国,英国"
344995,我只认识你,2017-11-17,赵青,树锋、味芳,78.0,中国大陆
341624,狂暴巨兽,2018-04-13,布拉德·佩顿,道恩·强森、娜奥米·哈里斯、杰弗里·迪恩·摩根、玛琳·阿克曼,107.0,美国
635848,深宫怨灵,2017-11-17,司徒永华,凯蒂·萨瓦、克瑞姆·柏辛、凯瑟琳·希金斯、陈钰芸,87.0,"中国大陆,美国,英国"
1183637,黄金花,2018-04-28,陈大利,毛舜筠、凌文龙、吕良伟、刘美君,91.0,"中国大陆,中国香港"
468676,爸爸的木房子,2016-08-26,李得胜,杜雨露、朱丹、曹操、李得胜,99.0,中国大陆
1212518,西北风云,2018-04-13,黄璜,余男、任达华、高捷、彭敬慈,96.0,中国大陆
246835,寻找罗麦,2018-04-13,王超,韩庚、杰瑞米·埃尔卡伊姆、菅纫姿、海伦·文森特,83.0,"中国大陆,法国"
345000,毕业作品,2018-04-13,许斌,张一山、丁丁、朱泳腾、白海涛,86.0,中国大陆
337105,夺命来电,2018-04-13,托德·威廉姆斯,约翰·库萨克、塞缪尔·杰克逊、伊莎贝拉·弗尔曼、克拉克·萨鲁洛,98.0,美国
345663,超能太阳鸭,2016-07-15,维克多·拉基索夫,王栎鑫、昱霖、陈思、迈克尔·格罗斯,86.0,"俄罗斯,美国,中国大陆"
344162,脱单告急,2018-04-20,柯孟融,董子健、钟楚曦、春夏、袁福福,101.0,中国大陆
1218424,二师兄来了,2018-04-13,朱丹,杜旭东、刘江、王菀晨、李明,93.0,中国大陆
1207100,米花之味,2018-04-20,鹏飞,英泽、叶不勒、叶门、叶拼,95.0,中国大陆
1199188,犬之岛,2018-04-20,韦斯·安德森,布莱恩·科兰斯顿、朱亚文、爱德华·哈里森·诺顿、比尔·默瑞,97.0,美国
344950,21克拉,2018-04-20,何念,郭京飞、迪丽热巴、大鹏、包贝尔,96.0,中国大陆
1218422,壹号别墅,2018-04-19,王保国,项洪、侯宇航、林诗曈、关键,89.0,中国大陆
1218421,理想之路,2018-04-20,柯宙,史洪波、张乃元、王钧康、林伟,88.0,中国大陆
337093,龙在哪里？,2015-10-23,胡升忠,章子怡、王力宏、光良、胡升忠,97.0,"中国大陆,中国香港"
1218563,求求你爱上我,2018-04-20,董春泽,姜涛、钱冬旎、尚茜、傅亨,104.0,中国大陆
346336,冰封迷案,2018-04-20,唐宇,卫仑、黄米依、何靖、韩秋池,95.0,中国大陆
1217789,出山记,2018-04-20,焦波,,98.0,中国大陆
338391,湄公河行动,2016-09-30,林超贤,张涵予、彭于晏、冯文娟、吴旭东,124.0,"中国大陆,中国香港"
1199029,玛丽与魔女之花,2018-04-28,米林宏昌,杉咲花、神木隆之介、天海祐希、米林宏昌,102.0,日本
343720,后来的我们,2018-04-28,刘若英,井柏然、周冬雨、田壮壮、苏小明,119.0,"中国大陆,中国台湾"
346637,幕后玩家,2018-04-28,任鹏远,徐峥、王丽坤、王砚辉、段博文,114.0,中国大陆
344399,凤凰花开,2000-12-31,吴天戈,张芝华,,中国大陆
1218423,渠首欢歌,2018-04-19,尹海峰,尚国伟、李玲、王艺禅、郝光,90.0,中国大陆
1198439,低压槽：欲望之城,2018-04-28,张家辉,张家辉、徐静蕾、张少川、何炅,112.0,"中国大陆,中国香港"
345013,战神纪,2018-04-28,哈斯朝鲁,陈伟霆、林允、胡军、倪大红,119.0,中国大陆
342791,巴霍巴利王2：终结,2018-05-04,S·S·拉贾穆里,帕拉巴斯、拉纳·达格巴提、安努舒卡·谢蒂、挲塞亚拉杰,167.0,印度
635863,香港大营救,2018-05-04,刘一君,颜丙燕、成泰燊、霍青、王晖,95.0,中国大陆
346141,寻找女神@娇阿依,2018-05-11,赵章翔,黄成麟、南笙、彭波、修庆,101.0,中国大陆
1210869,午夜十二点,2018-04-28,张孝爽,谭杰希、倪新宇、胡悦、孙亿舒,87.0,中国大陆
1218718,尖叫直播,2018-04-29,陈晨,文松、修睿、李天佑、陈晨,101.0,中国大陆
1217651,小公主艾薇拉与神秘王国,2018-05-12,罗洋,,78.0,中国大陆
1206839,我是你妈,2018-05-11,张骁,闫妮、邹元清、吴若甫、吴大维,104.0,中国大陆
1208942,超时空同居,2018-05-18,苏伦,雷佳音、佟丽娅、徐峥、张衣,101.0,中国大陆
1196215,路过未来,2018-05-17,李睿珺,杨子姗、尹昉、李勤勤、王婷,129.0,"中国大陆,中国香港"
1215573,暗夜良人,2018-06-06,王俊潾,何乙轩、李运佳、周舟、黄娟,90.0,中国大陆
528054,青年马克思,2018-05-05,哈乌·佩克,奥古斯特·迪赫、史特凡·柯纳斯克、薇姬·克里普斯、奥利维埃·古尔梅,118.0,"德国,法国,比利时"
1209094,我们的青春岁月,2018-05-04,裘建滨,冯文娟、吴旭东、关新伟,90.0,中国大陆
248170,复仇者联盟3：无限战争,2018-05-11,安东尼·罗素,小罗伯特·唐尼、克里斯·海姆斯沃斯、马克·鲁法洛、安东尼·罗素,149.0,美国
1220748,天下父母,2018-05-13,崔守杰,李树生、郭慧、王义钦、冯健,92.0,中国大陆
603864,战犬瑞克斯,2018-05-11,加芙列拉·考珀斯维特,凯特·玛拉、汤姆·费尔顿、布莱德利·惠特福德、杰拉丁妮·詹姆斯,116.0,美国
344419,七号公馆,2018-05-11,叶天行,梁小龙、张继聪、冉冉、林雪,94.0,中国大陆
1220084,破门,2018-05-11,徐耿,马顺洗、李虎城、彭一家、刘炷诗嫚,104.0,中国大陆
492680,天梦,2018-05-11,许文琦,金巧巧、何中华、张萍娟、宋邦春,91.0,中国大陆
1218267,亲爱的，我要和别人结婚了,2018-05-12,覃杰,保剑锋、戚砚笛、徐一娢、曹祎诺,92.0,中国大陆
1218043,荒城纪,2018-05-18,徐啸力,郝星棋、褚栓忠、徐啸力、Xu Xiao Li,104.0,中国大陆
1187542,昼颜,2018-05-18,西谷弘,上户彩、斋藤工、伊藤步、平山浩行,125.0,日本
1218402,找爱之旅,2018-05-16,陈艳,李肖宁、李牧芸、郭慧、陈艳,92.0,中国大陆
1203554,寂静之地,2018-05-18,约翰·卡拉辛斯基,艾米莉·布朗特、约翰·卡拉辛斯基、诺亚·尤佩、米利森特·西蒙兹,91.0,美国
1218321,擒贼先擒王,2018-05-18,李相国,郭凯敏、刘金山、孙浩涪、郑龙,92.0,中国大陆
341674,命运速递,2018-05-25,李非,赵铭岳、吕晓霖、余皑磊、啜妮,90.0,中国大陆
879019,西小河的夏天,2018-05-25,周全,张颂文、谭卓、顾宝明、董晴,102.0,中国大陆
1198834,给19岁的我自己,2018-05-29,黄朝亮,林柏宏、石安妮、王芊、何明翰,98.0,中国大陆
1216914,潜艇总动员：海底两万里,2018-06-01,申宇,范楚绒、洪海天、李晔、谭满堂,75.0,中国大陆
1208869,雾都神探之绝情箭,2018-05-25,孙铎,孙骁潇、余薇薇、孙丹丹、李耕,87.0,中国大陆
1200359,血伞凶灵,2017-02-17,朱林森,文卓、朱佳希、李炳渊、李炳渊,88.0,中国大陆
248716,六弄咖啡馆,2016-07-28,吴子云,董子健、颜卓灵、林柏宏、欧阳妮妮,98.0,"中国大陆,中国台湾"
341944,游侠索罗：星球大战外传,2018-05-25,朗·霍华德,阿尔登·埃伦瑞奇、艾米莉亚·克拉克、唐纳德·格洛弗、伍迪·哈里森,135.0,美国
367738,完美陌生人,2018-05-25,保罗·杰诺维塞,朱塞佩·巴蒂斯通、安娜·福列塔、马可·贾利尼、爱德华多·莱奥,96.0,意大利
1220095,时间暗局,2018-05-25,陈亮言,王宇泽、秦鸣悦、贾子宸、曹蕴,87.0,中国大陆
1205694,神谕通天,2018-05-25,李军,阮颂扬、陈嘉桓、敖犬、张朋,86.0,中国大陆
672164,幸福马上来,2018-06-08,冯巩,冯巩、毛俊杰、刘昊然、冯巩,91.0,中国大陆
1220923,我的宠物恐龙,2018-05-31,马特·德鲁蒙德,乔丹·杜力乌、Annabel Wolfe、Beth Champion、Christopher Gabardi,96.0,澳大利亚
1207042,哆啦A梦：大雄的金银岛,2018-06-01,今井一晓,水田山葵、大原惠美、嘉数由美、今井一晓,109.0,日本
1217650,魔镜奇缘2,2018-06-01,郑成峰,,77.0,中国大陆
1221169,三界,2018-05-31,靳斌,李恰、刘成、张治中、宋恩逸,95.0,中国大陆
1220905,毛骨悚然之红衣男孩,2018-06-01,孙杰,孙丹丹、陈奕鸣、孙家文、许喵喵,86.0,中国大陆
345972,大耳朵图图之美食狂想曲,2017-07-28,速达,潘延、范楚绒、胡谦、速达,91.0,中国大陆
246276,冰雪女王2：冬日魔咒,2016-12-31,阿列克谢·特斯蒂斯林,贝拉·索恩、沙尔托·科普雷、肖恩·宾、伊莎贝拉·弗尔曼,79.0,俄罗斯
248818,潜艇总动员之时光宝盒,2015-05-29,何子力,范楚绒、洪海天、谢元真、王燕华,80.0,中国大陆
1221125,那年，我还没长大,2018-06-08,马和平,王广达、赵纪东、曾浩宇,95.0,中国大陆
1221135,我想和你们在一起,2018-06-01,颜芳,王彦夫、陈博睿、牛军、张国荣,94.0,中国大陆
1206626,麦豆的夏天,2017-06-09,马和平,赵纪东、田广硕、樊明硕、王思宁,97.0,中国大陆
1220909,寻找雪山,2018-06-01,何志涛,蒋济远、王馨月、王馨云、郭俊宇,86.0,中国大陆
1208934,因果启示录,2018-06-08,王陆涛,王姬、庹宗华、英壮、常索妮,90.0,中国大陆
1203620,摇摇晃晃的人间,2017-06-26,范俭,余秀华、余文海、尹世平、周金香,88.0,中国大陆
1220970,蓝色金鱼,2018-06-04,唐明智,蓝心妍、朱孝天、曲木古火·秋风、闫鹿杨,87.0,中国大陆
1220865,策反,2018-05-26,韦廉,刘端端、尹玲、韩夫一、卢海华,115.0,中国大陆
1200045,深海越狱,2018-06-08,帕夏·帕特里基,尚格·云顿、杜夫·龙格尔、阿尔·萨皮恩扎、杰思敏·沃兹,104.0,美国
1199331,厕所英雄,2018-06-08,什里·那拉扬·辛,阿克谢·库玛尔、布米·佩德卡尔、阿努潘·凯尔、萨钦·克德卡,155.0,印度
1220908,恐怖浴室,2018-06-08,陆诗雨,张星阑、刘国光、艾尚絮、吴洋,90.0,中国大陆
1182289,一纸婚约,2018-06-08,张辉,刘熙阳、张一山、杨紫、关晓彤,93.0,中国大陆
1220935,一个人的江湖,2018-06-08,喻亢,梁恩、屠育玮、张佳熙、喻亢,90.0,中国大陆
344516,盯上小偷的贼,2018-06-08,成宇兴,孙海洋、彭波、刚毅、夏梦,92.0,中国大陆
1208008,泄密者,2018-06-15,邱礼涛,吴镇宇、张智霖、佘诗曼、周秀娜,100.0,中国香港
344983,泡菜爱上小龙虾,2018-06-15,虞军豪,金起范、徐申东、元华、陈德容,100.0,中国大陆
341628,侏罗纪世界2,2018-06-15,J·A·巴亚纳,克里斯·帕拉特、布莱丝·达拉斯·霍华德、泰德·拉文、托比·琼斯,128.0,美国
1203310,龙虾刑警,2018-06-22,李昕芸,王千源、袁姗姗、刘桦、周游,93.0,中国大陆
1215629,监狱犬计划,2018-06-21,郭大雷,郝蕾、刘帅良、韩彦博、裴魁山,98.0,中国大陆
1220853,爱是永恒,2018-05-29,陈烈,史振凯、孙童心、曲博、陈烈,90.0,中国大陆
1139994,猛虫过江,2018-06-15,小沈阳,小沈阳、潘斌龙、宋芸桦、刘桦,99.0,中国大陆
1219320,青春不留白,2018-06-29,尹大为,宦宇、高雪儿、马祥睿、陈俊宇,97.0,中国大陆
1190368,血十三,2018-06-15,李聆聪,黄璐、谢钢、钱波、李恒,99.0,中国大陆
1213211,家,2018-06-15,刘红梅,何弘宇、李梦珂、田依凡、李京旭,99.0,中国大陆
1132381,时间监狱,2018-06-15,丁文,刘默飞、白茹、苑立若心、张茗杰,98.0,中国大陆
346658,泰迪熊之玩具大战,2016-06-09,胡韵,邓小婷、赵奔、白文显、胡韵,78.0,中国大陆
257454,第七个小矮人,2018-06-16,Boris Aljinovic,Otto Waalkes、Mirco Nontschew、Boris Aljinovic、Boris Aljinovic,88.0,德国
1197507,吃货宇宙,2018-06-16,陈廖宇,刘思童、吴旭、孙博、陈子平,89.0,中国大陆
1163201,快乐星球之三十六号,2018-06-30,张惠民,赵克明、张子扬、马嘉祺、王天发,90.0,中国大陆
1221087,疯狂的麻将,2018-06-16,孙铁军,张鹰、杨子沫、贾小双、黑妹,87.0,中国大陆
1201231,让我怎么相信你,2018-09-14,梁青儿,梁天、安乙荞、文松、梁青儿,88.0,中国大陆
338385,超人总动员2,2018-06-22,布拉德·伯德,格雷格·T·尼尔森、霍利·亨特、莎拉·沃威尔、赫克·米尔纳,126.0,美国
78451,我是路人甲,2015-07-02,尔冬升,万国鹏、王婷、沈凯、徐小琴,135.0,"中国大陆,中国香港"
1132494,生存家族,2018-06-22,矢口史靖,小日向文世、深津绘里、泉泽祐希、葵若菜,117.0,日本
1221119,致命夺宝,2018-06-22,冯铁城,于果儿、王可、大卫·毕加索、杨梓艺,88.0,中国大陆
1219270,最后一球,2018-06-29,丹尼拉·科兹洛夫斯基,丹尼拉·科兹洛夫斯基、弗拉基米尔·伊利因、奥莉亚·祖耶娃、伊琳娜·戈尔巴乔娃,137.0,俄罗斯
1198178,动物世界,2018-06-29,韩延,李易峰、迈克尔·道格拉斯、周冬雨、曹炳琨,132.0,"中国大陆,美国"
1220835,伊阿索密码,2018-06-22,张楠,赵立新、王佳佳、张楠、李伟,88.0,中国大陆
1203210,凤凰城遗忘录,2018-06-22,贾斯廷 巴伯,切尔西·洛佩兹、安娜·德拉·克鲁兹、雅尼娜·杰克逊、弗罗伦斯·哈蒂根,87.0,美国
1208143,出走的娜拉,2018-06-23,王鹏,徐洁儿、姜尘、苗苗、王鹏,90.0,中国大陆
342286,根据地,2015-12-18,陈真,,90.0,中国大陆
11237,阿飞正传,2018-06-25,王家卫,张国荣、张曼玉、刘德华、刘嘉玲,94.0,中国香港
1221025,马兰花开,2018-06-26,吴双,孔莹虹、倪土、卢云飞、庞磊,91.0,中国大陆
1200486,我不是药神,2018-07-05,文牧野,徐峥、周一围、王传君、谭卓,116.0,中国大陆
301,建党伟业,2011-06-15,韩三平,韩三平、黄建新、沈东、陆川,119.0,"中国大陆,中国香港"
342203,我的战争,2016-09-15,彭顺,刘烨、王珞丹、黄志忠、杨祐宁,124.0,中国大陆
1197181,金蝉脱壳2：冥府,2018-06-29,史蒂芬·C·米勒,西尔维斯特·史泰龙、黄晓明、戴夫·巴蒂斯塔、杰米·金,93.0,美国
1213191,暹罗决：九神战甲,2018-06-29,甘·方苏旺,杜江、萨维提·苏提查农、甘·方苏旺、彭萨·康斯里,104.0,泰国
1221388,姽婳,2018-06-29,尚永峰,闫鹿杨、姜文轩、赵婉娇、李铁军,92.0,中国大陆
333688,地下凶猛,2018-06-29,李炳,孙强、支一、孙敬季、释恒利,98.0,中国大陆
342173,明月几时有,2017-07-01,许鞍华,周迅、彭于晏、霍建华、郭涛,130.0,"中国大陆,中国香港"
1212554,雪·葬,2018-04-27,高成岗,任帅、徐永革、叶鹏、张浩,105.0,中国大陆
1199011,出·路,2017-12-30,郑琼,,95.0,"中国大陆,德国"
1220713,新大头儿子和小头爸爸3：俄罗斯奇遇记,2018-07-06,何澄,刘纯燕、董浩、鞠萍、红果果,80.0,中国大陆
1221379,细思极恐,2018-07-06,张跃斌,韩素媛、庞贝童、曹菡、徐子力,92.0,中国大陆
1198943,明天有多远,2018-06-26,王劲松,池华琼、王宇、李凤鸣、王劲松,80.0,中国大陆
1217239,勇敢往事,2018-09-12,叶田,赵静、王勇、刘磊、屠画,91.0,中国大陆
346759,勇士,2016-10-14,宁海强,李东学、聂远、于小伟、宋佳伦,102.0,中国大陆
346189,空天猎,2017-09-29,李晨,李晨、范冰冰、王千源、李佳航,115.0,中国大陆
1225340,您一定不要错过,2018-07-06,崔永元,崔永元、麦丽丝、德格娜、张大磊,99.0,中国大陆
1227164,左滩,2018-07-07,张智超,张智超、安然、卢喜文、袁中方,90.0,中国大陆
1203156,兄弟班,2018-07-20,陈友,于湉、王梓轩、吴鹤谦、林耀声,100.0,"中国香港,中国大陆"
1218052,大三儿,2018-08-20,佟晟嘉,叶云,106.0,中国大陆
492964,红盾先锋,2018-07-08,杨真,由立平、窦凤琴、王建飞、高伟中,83.0,中国大陆
1224643,阿拉姜色,2018-10-26,松太加,容中尔甲、尼玛颂宋、赛却加、廖希,109.0,中国大陆
1221133,天佑之爱,2018-07-13,红旗,郭少芸、白柳汐、周昊勇呈、白湘妃,95.0,中国大陆
592271,小悟空,2018-07-14,叶伟青,杨天翔、郭政建、张遥函、叶伟青,85.0,"中国大陆,中国香港"
346096,阿修罗,2018-07-13,张鹏,吴磊、梁家辉、刘嘉玲、张艺上,141.0,中国大陆
1211641,美丽童年,2018-07-13,陈静,周诗琪、郑子寒、胡伊睿、刘一莹,90.0,中国大陆
1217513,风语咒,2018-08-03,刘阔,路知行、阎萌萌、褚珺、山新,105.0,中国大陆
1206145,格桑花开的时候,2018-07-12,姜大伟,郑岚、修睿、赵亮、宋祉璇,95.0,中国大陆
248566,邪不压正,2018-07-13,姜文,姜文、彭于晏、廖凡、周韵,137.0,中国大陆
1227229,海龙屯,2018-07-13,朱晶,张先童、曹彦锋、戚畅、罗曼,81.0,中国大陆
338400,神奇马戏团之动物饼干,2018-07-21,托尼·班克罗夫特,约翰·卡拉辛斯基、伊恩·麦克莱恩、托尼·班克罗夫特、斯科特·克里斯汀·萨瓦,94.0,"美国,西班牙,中国大陆,韩国"
1203528,摩天营救,2018-07-20,罗森·马歇尔·瑟伯,道恩·强森、昆凌、文峰、黄经汉,102.0,美国
1224953,八只鸡,2018-07-19,高建国,方城淞、黄艺馨,90.0,中国大陆
341516,狄仁杰之四大天王,2018-07-27,徐克,赵又廷、冯绍峰、林更新、阮经天,132.0,中国大陆
883179,汪星卧底,2018-07-20,拉加·高斯内尔,威尔·阿奈特、娜塔莎·雷昂、克里斯托弗·布莱恩·布里奇斯、斯坦利·图齐,92.0,美国
344135,淘气大侦探,2018-07-20,约翰·斯蒂文森,艾米莉·布朗特、约翰·斯蒂文森、约翰·斯蒂芬森、詹姆斯·麦卡沃伊,86.0,"英国,美国"
1207103,北方一片苍茫,2018-07-20,蔡成杰,田天、温新宇、韩建玲、赵树林,105.0,中国大陆
246596,昨日青空,2018-10-26,奚超,苏尚卿、王一博、段艺璇、马斑马,85.0,中国大陆
1223430,浴血广昌,2018-08-01,高峰,何达、郑昊、杨俊生、高峰,100.0,中国大陆
1212592,西虹市首富,2018-07-27,闫非,沈腾、宋芸桦、张一鸣、闫非,118.0,中国大陆
1208456,李保国,2018-07-25,赵琦,林永健、颜丹晨、尤勇、赵琦,100.0,中国大陆
1213724,熊猫石的奇幻旅行,2018-02-09,吴晓东,康钰潇、杨家麟、安伯·道格拉斯、钟远林,89.0,中国大陆
1216365,小偷家族,2018-08-03,是枝裕和,中川雅也、安藤樱、松冈茉优、池松壮亮,117.0,日本
1220736,神秘世界历险记4,2018-08-03,王云飞,赵一博、图特哈蒙、王云飞、张林旭,85.0,中国大陆
343499,萌学园：寻找盘古,2018-07-28,李权峰,刘书宏、阿本、李权峰、Chuan-Yang LI,96.0,"中国台湾,中国大陆"
1225065,文朝荣,2018-07-28,张仲伟,王洛勇、王亚军、刘永生、马岩,99.0,中国大陆
334625,美食大冒险之英雄烩,2018-08-17,孙海鹏,孟宇、张喆、郭政建、杨光普照,98.0,中国大陆
672356,新大头儿子和小头爸爸2一日成才,2016-08-19,何澄,刘纯燕、董浩、鞠萍、何澄,85.0,中国大陆
1206089,妈妈咪呀2,2018-08-03,欧·帕克,阿曼达·塞弗里德、莉莉·詹姆斯、梅丽尔·斯特里普、皮尔斯·布鲁斯南,114.0,美国
1225029,信仰者,2018-08-24,杨虎,黄少祺、赵毅、王力可、卢海华,104.0,中国大陆
1213098,的士速递5,2018-08-03,弗兰克·盖思堂彼得,弗兰克·盖思堂彼得、马利克·班泽拉、伯纳尔·法西、塞尔维托·埃斯波西多,100.0,法国
345058,解码游戏,2018-08-03,李海龙,韩庚、凤小岳、李媛、山下智久,99.0,中国大陆
1203084,一出好戏,2018-08-10,黄渤,黄渤、舒淇、王宝强、张艺兴,134.0,中国大陆
1218298,肆式青春,2018-08-04,李豪凌,陈颖晖、梁达伟、李豪凌、易小星,75.0,"中国大陆,日本"
346178,巨齿鲨,2018-08-10,乔·德特杜巴,杰森·斯坦森、李冰冰、雷恩·威尔森、鲁比·罗丝,115.0,"美国,中国香港,中国大陆"
1141500,最后的棒棒,2018-08-17,何苦,何苦,99.0,中国大陆
393,初恋浅规则,2012-05-11,王一冰,刘子豪、赵雨菲、赵雪,90.0,中国大陆
1216446,快把我哥带走,2018-08-17,郑芬芬,张子枫、彭昱畅、赵今麦、孙泽源,115.0,中国大陆
1175253,爱情公寓,2018-08-10,韦正,陈赫、袁弘、娄艺潇、邓家佳,116.0,中国大陆
1229214,爸，我一定行的,2018-08-24,蓝鸿春,郑润奇、郑鹏生、张咏娴、林俊鑫,100.0,中国大陆
343070,精灵旅社3：疯狂假期,2018-08-17,格恩迪·塔塔科夫斯基,亚当·桑德勒、赛琳娜·戈麦斯、凯瑟琳·哈恩、安迪·萨姆伯格,98.0,美国
248162,欧洲攻略,2018-08-17,马楚成,梁朝伟、吴亦凡、唐嫣、杜鹃,99.0,中国大陆
1222190,旅行吧！井底之蛙,2018-08-18,陈设,王雪沁、吴凡、周宗禹、强光宗,78.0,中国大陆
346380,我来自纽约,2018-08-18,张爵西,狄龙、宣萱、陈沁霖、陈智深,121.0,中国大陆
248907,新乌龙院之笑闹江湖,2018-08-17,朱延平,吴孟达、郝劭文、宋小宝、王宁,103.0,中国大陆
1221144,他是一只狗,2018-08-17,孙健,许贵源、雷璐璐、武正鉌、孙健,91.0,中国大陆
343208,蚁人2：黄蜂女现身,2018-08-24,佩顿·里德,保罗·路德、伊万杰琳·莉莉、迈克尔·佩纳、沃尔顿·戈金斯,119.0,美国
439495,苏丹,2018-08-31,阿里·阿巴斯·札法,萨尔曼·汗、安努舒卡·莎玛、兰迪普·弘达、马雷塞·克伦普,170.0,印度
1229508,疯狂暑期之哈喽怪物,2018-08-21,史震飞,洪天照、晋松、许皓勋、李亚真,99.0,中国大陆
1212898,真心话太冒险,2018-08-07,谢韵,涂世旻、柯子静、Stephanie Strehlow、谢韵,90.0,中国大陆
1220838,藏北秘岭-重返无人区,2018-08-31,饶子君,蔡宇、饶子君、土旦巴桑、饶子君,86.0,中国大陆
1218190,大师兄,2018-08-24,阚家伟,甄子丹、陈乔恩、喻亢、骆明劼,100.0,"中国大陆,中国香港"
345507,出山,2018-08-22,王坪,卢奇、安荣生、郑卫莉、宋晓英,107.0,中国大陆
569712,黑子的篮球·终极一战,2018-08-24,多田俊介,小野贤章、苏尚卿、小野友树、吴磊,91.0,日本
1218299,深海历险记,2018-08-24,胡里奥·索托·古尔皮德,张璐、陈红、张云龙、胡里奥·索托·古尔皮德,92.0,"美国,中国大陆"
892394,奇怪的袜子精灵,2018-08-24,加林娜·米克林诺瓦,克里斯托弗·哈德克、马瑞克·塔西里克、Stanislav Zindulka、Jolka Krásná,86.0,"捷克,斯洛伐克,克罗地亚"
1222188,惊慌失色之诡寓,2018-08-24,齐迹,梁辰羽、樱雪、代佳夕、李卫东,86.0,中国大陆
1189889,天下第一镖局,2018-08-24,陶盟喜,樊少皇、车永莉、释彦能、施南,90.0,中国大陆
1222209,纯真年代,2018-08-24,韩荣声,范洪涛、温正邦、古玉枫、黄宝龙,95.0,中国大陆
1229775,怒放的花儿,2018-08-24,李墨言,仇硕康、董子毅、朱九米、李墨言,93.0,中国大陆
341737,碟中谍6：全面瓦解,2018-08-31,克里斯托弗·麦奎里,汤姆·克鲁斯、亨利·卡维尔、文·瑞姆斯、西蒙·佩吉,148.0,美国
342607,未择之路,2018-09-14,唐高鹏,王学兵、马伊琍、朱耕佑、王旭峰,113.0,中国大陆
1207515,摇滚小子,2018-08-28,段玉宝,安琥、徐洁儿、苏翊鸣、段玉宝,100.0,中国大陆
1224826,曹操与杨修,2018-08-30,滕俊杰,尚长荣、言兴朋,121.0,中国大陆
1204528,超大号美人,2018-08-28,艾比·科恩,艾米·舒默、米歇尔·威廉姆斯、罗里·斯卡沃、艾比·科恩,110.0,"美国,中国大陆"
1229774,李学生,2018-08-28,王虎,宋禹、滕艺、董博先、李恒,100.0,中国大陆
1229511,面向群众,2018-08-03,周琦,吴京安、田娜,104.0,中国大陆
1196151,李宗伟：败者为王,2018-09-07,马逸腾,李宗伟、李国煌、杨雁雁、黄炜杰,110.0,马来西亚
1189938,道高一丈,2018-09-06,姜凯阳,聂远、谭凯、徐露、于明加,96.0,中国大陆
1208645,足球王者,2020-12-31,刘骏,禹祥、绿绮、莫谦、瀚墨,90.0,中国大陆
1227737,男生宿舍,2018-08-31,战越,陈楚洹、黄启航、龚婉怡、张艺舰,85.0,中国大陆
1229217,萌宠入殓师,2018-08-31,源唯杰,薛明媛、傅亨、喻言、王居峰,90.0,中国大陆
344292,阿尔法：狼伴归途,2018-09-07,艾尔伯特·休斯,柯蒂·斯密特-麦菲、蕾奥娜·维埃拉、娜塔莎·迈尔兹、延斯·赫尔腾,97.0,美国
345870,传奇的诞生,2018-09-07,杰夫·泽姆巴利斯特,凯文·德·保拉、贝利、索·豪黑、杰夫·泽姆巴利斯特,107.0,美国
341578,那些女人,2018-09-03,吴贻弓,殷桃、谢林彤、吴贻弓、江平,109.0,中国大陆
1212196,草戒指,2018-09-07,洪亦平,洪亦平、胡锰、黄海冰、孙翔,96.0,中国大陆
1203575,反贪风暴3,2018-09-14,林德禄,古天乐、张智霖、郑嘉颖、邓丽欣,97.0,"中国大陆,中国香港"
1198748,吻隐者,2018-09-07,李燕宁,谭卓、李至正、孙亦沐、张定涵,108.0,中国大陆
1216296,说走就走之不说再见,2018-09-14,张承,牛骏峰、白举纲、吴谨言、谢昀杉,105.0,中国大陆
1201161,赛尔号大电影6：圣者无敌,2017-08-18,王章俊,罗玉婷、翟巍、王晓彤、孙晔,98.0,中国大陆
1225016,禹神传之寻找神力,2018-09-15,李金保,王雪沁、吴凡、周宗禹、张艺文,80.0,中国大陆
1209159,找到你,2018-10-05,吕乐,姚晨、马伊琍、袁文康、吴昊宸,102.0,中国大陆
1197626,镰仓物语,2018-09-14,山崎贵,堺雅人、高畑充希、堤真一、安藤樱,120.0,日本
79115,守望一生,2018-09-10,倪榕,钟小丹、徐卫、张远伦、倪榕,94.0,中国大陆
1233284,古墓兽影,2018-09-13,李麒麟,聂远、莫少聪、安泽豪、殷旭,90.0,中国大陆
1187437,念念手纪,2018-09-14,月川翔,滨边美波、北村匠海、北川景子、小栗旬,116.0,日本
452,消失的子弹,2012-08-14,罗志良,谢霆锋、刘青云、杨幂、井柏然,108.0,"中国大陆,中国香港"
1217434,大闹西游,2018-09-22,马系海,孙晔、沈达威、陶典、刘北辰,92.0,中国大陆
1226445,黑蝴蝶,2018-09-15,安战军,刘敏涛、李砚、霍青、吴紫彤,108.0,中国大陆
1207707,爱猫之城,2018-09-22,杰达·托伦,本古、杜曼、布朗特·乌斯塔曼、拉希·锡兰,79.0,"土耳其,美国"
1208342,江湖儿女,2018-09-21,贾樟柯,赵涛、廖凡、徐峥、梁嘉艳,136.0,中国大陆
672382,虎胆追凶,2018-09-21,伊莱·罗斯,布鲁斯·威利斯、文森特·多诺费奥、伊丽莎白·苏、迪恩·诺里斯,97.0,美国
1204493,天慕,2018-09-21,王强,王挺、索朗卓嘎、巴金旺甲、庄庆宁,99.0,中国大陆
1204774,黄金兄弟,2018-09-21,钱嘉乐,郑伊健、陈小春、谢天华、钱嘉乐,99.0,中国大陆
1229912,极品师徒,2018-09-21,冯万里,战天泽、潘章明、刘芮侨、王翔,98.0,"中国大陆,马来西亚"
1235235,张艺谋和他的“影”,2018-10-12,汪鹏,张艺谋、赵小丁、陈敏正、马光荣,94.0,中国大陆
1208866,我是检察官,2018-09-20,高亚麟,宣言、丁洋、邢佳栋、谈莉娜,89.0,中国大陆
479074,冷恋时代,2018-09-21,童江南,姚星彤、立威廉、董琦、朱璇,90.0,中国大陆
1217236,悲伤逆流成河,2018-09-21,落落,赵英博、任敏、辛云来、章若楠,105.0,中国大陆
1170241,哥斯拉：怪兽行星,2018-09-21,静野孔文,宫野真守、樱井孝宏、花泽香菜、静野孔文,88.0,日本
1233320,天刃,2018-09-21,朱丹,许铂岑、杜旭东、常戎、杜金京,96.0,中国大陆
1234711,中学时代,2018-09-21,王熠,刘帅良、余心恬、张译夫、曾丽瑶,100.0,中国大陆
1229963,警车联盟,2018-12-30,邓志基,朱祎、杨慧紫、楚衔、刘琮,90.0,中国大陆
1198213,营救汪星人,2020-12-31,梁婷,拉布拉多、法斗、博美、哈士奇,105.0,中国大陆
1217402,李茶的姑妈,2018-09-30,吴昱翰,黄才伦、艾伦、宋阳、卢靖姗,113.0,中国大陆
1210830,胖子行动队,2018-09-30,包贝尔,文章、包贝尔、克拉拉、许君聪,109.0,中国大陆
78181,昆塔：盒子总动员,2015-11-14,李炼,狄菲菲、张云翼、程玉珠、孟祥龙,83.0,中国大陆
343622,热血时代,2017-12-15,回宇,黄诗佳、洪爽、赵宏城、杨紫月,97.0,中国大陆
1201121,为爱担当,2017-02-24,郑建国,阿牛、江若琳、惠英红、王乐妍,90.0,"中国大陆,中国香港"
1239161,天蝎行动,2018-12-12,林兵,丁志诚、聂远、杨炀、林兵,100.0,中国大陆
1198828,古剑奇谭之流月昭明,2018-10-01,雷尼·哈林,王力宏、宋茜、高以翔、高圣远,105.0,中国大陆
560411,阿凡提之奇缘历险,2018-10-01,刘炜,李扬、胡谦、蒋可、李晔,85.0,中国大陆
1203437,影,2018-09-30,张艺谋,邓超、孙俪、郑恺、王千源,115.0,中国大陆
248232,心迷宫,2015-10-16,忻钰坤,霍卫民、罗芸、孙黎、邵胜杰,110.0,中国大陆
1229020,嗝嗝老师,2018-10-12,西达尔特·马尔霍特拉,拉妮·玛克赫吉、内拉吉·卡比、苏普丽雅·皮尔加卡尔、罗特·萨拉夫,120.0,印度
342166,无双,2018-09-30,庄文强,周润发、郭富城、张静初、庄文强,130.0,"中国大陆,中国香港"
1214941,过往的梦,2018-09-07,翔子,宫哲、张珏、张悦楠、李骏诚,87.0,中国大陆
1227585,新灰姑娘,2018-10-01,林恩·萨瑟兰,Cassandra Morris、Kristen Day、Chris Niosi、林恩·萨瑟兰,87.0,"中国大陆,美国"
1236912,远去的牧歌,2018-09-11,阿迪夏·夏热合曼,海拉提·哈木、玛尔江.巴依吐肯、丽娜·夏侃,94.0,中国大陆
344881,你的名字。,2016-12-02,新海诚,上白石萌音、佟心竹、神木隆之介、皇贞季,106.0,日本
672137,嘻哈英熊,2018-10-04,王琦,林强、刘思岑、徐梦娟、郭政建,86.0,中国大陆
961,红高粱,1988-10-10,张艺谋,姜文、巩俐、滕汝骏、钱明,91.0,"中国大陆,中国香港"
588362,摔跤吧！爸爸,2017-05-05,涅提·蒂瓦里,阿米尔·汗、沙克希·坦沃、法缇玛·萨那·纱卡、阿帕尔夏克提·库拉那,161.0,印度
1217141,午夜幽灵,2018-10-12,李耀东,宫哲、张楠、健子、贲蓝琪,79.0,中国大陆
342412,超能泰坦,2018-10-12,伦纳特·拉夫,萨姆·沃辛顿、泰勒·席林、汤姆·威尔金森、娜塔莉·伊曼纽尔,97.0,"美国,英国"
1208756,真假森林王,2017-09-16,张恒,张洋、吴凡、唐泽宗、陈新月,78.0,中国大陆
368109,帝企鹅日记2：召唤,2018-10-12,吕克·雅盖,朗贝尔·维尔森、皮弗、托马斯·阿克达、摩根·弗里曼,85.0,法国
334598,玛雅蜜蜂历险记,2018-10-12,亚历克斯·施塔德曼,杰基·韦佛、理查德·劳斯伯格、诺亚·泰勒、米瑞安·玛格莱斯,89.0,德国
1212732,我要去远方,2018-10-16,孙传林,何为、魏嘉镁、贺云庆、韩伯维,97.0,中国大陆
248867,非常父子档,2016-11-04,曹溱模,李治廷、金荷娜、文梅森、刘松仁,100.0,"中国大陆,韩国"
672241,新木偶奇遇记,2016-09-30,陈磊,张洋、叶芳、顶妍、王祺,78.0,中国大陆
1229749,宝贝儿,2018-10-19,刘杰,杨幂、郭京飞、李鸿其,98.0,中国大陆
1203678,我的间谍前男友,2018-10-19,苏珊娜·福格尔,米拉·库尼斯、凯特·麦克金农、贾斯汀·塞洛克斯、萨姆·修汉,117.0,美国
1205514,雪怪大冒险,2018-10-19,格伦·费卡拉,查宁·塔图姆、吉娜·罗德里格兹、格伦·费卡拉、杰森·雷西格,96.0,美国
247086,神秘家族,2017-04-21,朴裕焕,林依晨、姜武、陈晓、惠英红,93.0,"中国大陆,中国台湾,韩国"
1237280,皮鞋,2018-10-17,宋遥平,杨猛、李菁菁、张贵生、段云圣,91.0,中国大陆
1196188,美丽战争,2019-06-14,陈勋奇,谭耀文、孟广美、马国明、那广子,113.0,中国大陆
1232735,沿海出发,2018-10-15,殷玉洲,周业余、连建亭、于飞、王小雨,115.0,中国大陆
1227002,黑暗深处之惊魂夜,2018-10-19,玉素,林潇、李劲峰、葛凌芮、邹洁仪,92.0,中国大陆
1199020,跨越8年的新娘,2018-10-19,濑濑敬久,佐藤健、土屋太凤、北村一辉、滨野谦太,119.0,日本
367845,无敌原始人,2018-10-19,尼克·帕克,埃迪·雷德梅恩、汤姆·希德勒斯顿、麦茜·威廉姆斯、理查德·艾欧阿德,89.0,"英国,法国,美国"
1217005,非洲遇见你,2018-10-19,崔燕,杨玥、王梓权、张杨智子、缪艺豪,88.0,中国大陆
1132399,向阳的日子,2018-10-19,张罗平,吴超、海尔夫、王力可、吕聿来,97.0,中国大陆
342062,铁血战士,2018-10-26,沙恩·布莱克,波伊德·霍布鲁克、奥立薇娅·玛恩、伊冯娜·斯特拉霍夫斯基、雅各布·特瑞布雷,106.0,美国
349239,自行车与旧电钢,2018-10-26,邵攀,张宜苏、张鹏程,149.0,中国大陆
1204093,功夫联盟,2018-10-26,刘镇伟,赵文卓、安志杰、陈国坤、杜宇航,102.0,中国大陆
346339,为你写诗,2018-10-26,吴克群,吴克群、周依然、周键铭、苏士为,105.0,中国大陆
248835,消失爱人,2016-01-15,黄真真,黎明、王珞丹、林俊杰、张榕容,109.0,中国大陆
1048266,暮光巴黎,2018-10-26,万沥方,玛丽·布奈尔、童飞、罗宾·希纳西、万沥方,88.0,"中国大陆,法国"
1234049,灵魂契约,2018-10-26,王辰六,王小岩、陆翊、王廷辉、贾明瑛,89.0,中国大陆
454617,追鹰日记,2018-10-26,杰拉多·奥利瓦雷斯,让·雷诺、曼纽尔·卡马乔、托比亚斯·莫雷蒂、杰拉多·奥利瓦雷斯,98.0,奥地利
343667,流浪猫鲍勃,2018-11-02,罗杰·斯波蒂斯伍德,猫鲍勃、露塔·格德米纳斯、卢克·崔德威、罗杰·斯波蒂斯伍德,103.0,英国
1216326,你好，之华,2018-11-09,岩井俊二,周迅、秦昊、杜江、张子枫,114.0,中国大陆
1238706,你美丽了我的人生,2018-11-02,阎清秀,玉米提、古丽米娜·麦麦提、金星、阎清秀,90.0,中国大陆
344236,京城81号2,2017-07-06,钱人豪,张智霖、梅婷、钟欣潼、耿乐,96.0,中国大陆
1207577,黑暗迷宫,2018-10-31,温河,聂远、葛天、杜奕衡、初俊辰,97.0,中国大陆
1238695,瞳灵公馆,2018-11-02,张明伟,苑琼丹、景岗山、文熙、胡蓉蓉,85.0,中国大陆
1207335,滴答屋,2018-11-01,伊莱·罗斯,杰克·布莱克、凯特·布兰切特、欧文·瓦卡罗、芮妮·戈兹贝里,104.0,美国
78490,冰封侠:时空行者,2018-11-02,叶伟民,甄子丹、黄圣依、王宝强、任达华,104.0,"中国大陆,中国香港"
346015,胡桃夹子和四个王国,2018-11-02,拉斯·霍尔斯道姆,麦肯吉·弗依、摩根·弗里曼、凯拉·奈特莉、拉斯·霍尔斯道姆,99.0,美国
1238758,我的冤家是条狗,2018-11-09,曼迪·弗莱切,比蒂·埃德蒙森、艾德·斯克林、汤姆·班尼特、珍妮弗·桑德斯,95.0,英国
345493,飓风奇劫,2018-11-02,罗伯·科恩,托比·凯贝尔、玛姬·格蕾斯、瑞恩·柯万腾、梅丽莎·博洛纳,103.0,美国
1209068,台仙魔咒,2018-12-18,宋睿,罗翔、刘书含、叶常清、曾漪莲,81.0,中国大陆
1236547,八仙,2018-11-03,曹博,,87.0,中国大陆
1225632,名侦探柯南：零的执行人,2018-11-09,立川让,高山南、山口胜平、山崎和佳奈、小山力也,110.0,日本
42964,毒液：致命守护者,2018-11-09,鲁本·弗雷斯彻,汤姆·哈迪、米歇尔·威廉姆斯、里兹·阿迈德、斯科特·黑兹,107.0,美国
1136568,破梦游戏,2018-11-09,韩琰,陈都灵、宋威龙、张宥浩、盖玥希,104.0,中国大陆
1194411,三国杀·幻,2018-11-09,吕柯憬,郑伊健、贾青、于荣光、谢天华,94.0,中国大陆
1206209,开学悸,2018-11-09,刘鼎业,秦语、曾淇、赵艺、刘鼎业,86.0,中国大陆
346394,地层深处,2018-11-09,宋占涛,,90.0,中国大陆
1230373,遥远的他,2018-09-06,李嘉华,张垚祎、陈熙明、柳杨,85.0,中国大陆
1234403,恐龙王,2018-11-10,施雅雅,王衡、吕佩玉、孙晔、穆雪婷,95.0,中国大陆
1229753,两个俏公主,2018-11-10,薛玉峥,朱祎、马正阳、赵欣,89.0,中国大陆
1210955,产科男生,2018-11-02,梁立新,罗翔、苏小妹、王双琥、张佳浩,90.0,中国大陆
1220437,梦境之源,2018-11-16,柳珂,陈志朋、颜丹晨、李彧、安琥,90.0,中国大陆
344992,皇帝的新装之圣诞大明星,2016-01-01,李霞,叶芳、丁妍、王雪沁,78.0,中国大陆
1208282,无名之辈,2018-11-16,饶晓志,陈建斌、任素汐、潘斌龙、章宇,108.0,中国大陆
577564,神奇动物：格林德沃之罪,2018-11-16,大卫·叶茨,埃迪·雷德梅恩、凯瑟琳·沃特森、艾莉森·萨多尔、约翰尼·德普,128.0,"美国,英国"
1220172,有五个姐姐的我就注定要单身了啊,2018-11-16,苏文圣,蔡凡熙、项婕如、谢金燕、刘奕儿,97.0,中国台湾
1238946,最后一公里,2018-11-16,李伟,李彦锋、王雨晗、徐晨耀、钟卫华,104.0,中国大陆
1238780,锁,2018-11-16,许振华,张燕妮、高海鹏、马继、许振华,84.0,中国大陆
341213,无敌破坏王2：大闹互联网,2018-11-23,瑞奇·摩尔,约翰·C·赖利、萨拉·西尔弗曼、克里斯汀·贝尔、瑞奇·摩尔,113.0,美国
1212840,记忆折叠,2018-11-16,张博维,张赫、曲尼次仁、张博维、陈鹏翱,85.0,中国大陆
1233373,超时空大冒险,2018-12-01,李宝坤,解丽丽、王祺、江敏,75.0,中国大陆
1212293,奶奶的家,2018-11-23,陆诗雨,刘未晞、贾程凯、周金凤、宁文彤,93.0,中国大陆
1239048,追宝狂想曲,2018-11-16,朱维俐,彭波、金楷杰、王子子、汤镇宗,86.0,中国大陆
1238696,生活万岁,2018-11-27,程工,李安甫、胡兆翠、康昕、程工,94.0,中国大陆
1208113,嘉年华,2017-11-24,文晏,文淇、周美君、史可、耿乐,107.0,"中国大陆,法国"
1236504,正正的世界,2018-11-20,孙杰,宁宗元达、时晓飞、田媛、刘文曲,95.0,中国大陆
1208148,中国蓝盔,2018-11-23,宁海强,徐洪浩、刘一龙、彭士腾、宁海强,96.0,中国大陆
246057,烈日灼心,2015-08-27,曹保平,邓超、段奕宏、郭涛、王珞丹,139.0,中国大陆
1207271,憨豆特工3,2018-11-23,大卫·科尔,罗温·艾金森、本·米勒、欧嘉·柯瑞兰寇、杰克·莱西,89.0,"法国,美国,英国"
1229497,爱在归来那一天,2018-11-22,杨大田,董晨、李岷城、刘艺、王双宝,92.0,中国大陆
666793,恐怖快递,2018-11-23,杨振豪,李晨浩、汤晶媚、姚一奇、任娇,83.0,中国大陆
257664,克隆人,2018-11-23,杰弗利·纳赫马诺夫,基努·里维斯、爱丽丝·伊芙、艾米丽·阿琳·林德、托马斯·米德蒂奇,107.0,"英国,中国大陆,波多黎各,美国"
1213097,忠犬大营救,2018-11-23,张帆,靓仔、小金、刘晓晔、纪帅,90.0,中国大陆
1198930,旗袍先生,2018-11-23,王择谚,李立群、成琪、郭超、杨大鹏,104.0,中国大陆
78480,狗十三,2018-12-07,曹保平,张雪迎、果靖霖、智一桐、周珍,121.0,中国大陆
1208500,超萌特攻,2018-11-24,许美君,董立范、年丁旭、赵施玥珊、吴明洁,93.0,中国大陆
1208647,进击的男孩,2018-12-07,许添,李艾、庞瀚辰、包文婧、李林,94.0,中国大陆
1238843,一百年很长吗,2018-12-01,萧寒,黄忠坚、张雪菲、阿合特,106.0,中国大陆
1198455,二十岁,2018-11-30,刘畅,于文文、屈楚萧、孔垂楠、叶子诚,98.0,中国大陆
1221035,老爸102岁,2018-11-30,奥米史·舒克拉,阿米达普·巴强、里希·卡普尔、达尔曼德拉·吉尔、吉米特·特里韦迪,102.0,印度
337058,不期而遇,2017-05-19,陈卓,张雨绮、张亮、王少雍、冷中易,94.0,"中国大陆,美国"
1165276,摘金奇缘,2018-11-30,朱浩伟,吴恬敏、杨紫琼、亨利·戈尔丁、奥卡菲娜,121.0,美国
1215919,印度合伙人,2018-12-14,R·巴尔基,阿克谢·库玛尔、拉迪卡·艾普特、索娜姆·卡普尔、吉欧迪·萨哈希,133.0,印度
337129,亡命救赎,2018-11-30,让-弗朗索瓦·雷切,梅尔·吉布森、艾琳·莫里亚蒂、迭戈·卢纳、伊丽莎白·霍尔姆,84.0,法国
1235456,冒牌搭档,2018-11-30,林子聪,林子聪、陈浩民、林雪、林子聪,86.0,中国大陆
1219203,在天堂等我,2018-11-30,王军,李滨、于非非、毛孩、李梦男,129.0,中国大陆
337251,铁甲战神,2018-11-30,乔·米亚,李·佩斯、贝纳尼丝·玛尔洛、肯尼思·霍、杰森·弗莱明,87.0,英国
1213729,请你记住我,2018-11-30,彭小莲,冯文娟、贾一平、黄宗英、徐才根,96.0,中国大陆
1200265,叶问外传：张天志,2018-12-21,袁和平,张晋、戴夫·巴蒂斯塔、柳岩、杨紫琼,107.0,"中国大陆,中国香港"
1220926,33号公路,2018-11-30,史强,贡米、郭子瑜、李封乾、奇凌,98.0,中国大陆
1238886,奇幻梦之旅,2018-11-30,高旭,宋睿、高旭、明星、温浩哲,90.0,中国大陆
341753,三只小猪2,2017-05-27,刘炜,王晓彤、李晔、洪海天、严丽祯,80.0,中国大陆
1241636,大唐风云2,2018-12-01,杨广福,杨进、张立志,89.0,中国大陆
1246221,天渠,2018-11-30,柏麟,侯煜、王华圳昱、褚楚、郑强,93.0,中国大陆
249342,海王,2018-12-07,温子仁,杰森·莫玛、艾梅柏·希尔德、妮可·基德曼、帕特里克·威尔森,137.0,美国
1216374,同名男子,2018-12-04,何力,唐以诺、杨金赐、张春、姚星竹,91.0,中国大陆
1183621,大烟炮！一千八！,2018-12-04,于兰,于兰、赵滨、樊蕊,92.0,中国大陆
337896,冥王星时刻,2018-12-15,章明,王学兵、刘丹、曾美慧孜、母其弥雅,110.0,中国大陆
1220969,惊涛飓浪,2018-12-07,巴塔萨·科马库,谢琳·伍德蕾、山姆·克拉弗林、伊丽莎白·霍桑、Zac Beresford,96.0,美国
1233357,爱不可及,2018-12-07,胡野秋,陈育臣、张颖冰、祝涛、王嘉莹,93.0,中国大陆
1219776,网络谜踪,2018-12-14,阿尼什·查甘蒂,约翰·赵、米切尔·拉、黛博拉·梅辛、约瑟夫·李,102.0,"美国,俄罗斯"
123,龙猫,2018-12-14,宫崎骏,秦岚、糸井重里、岛本须美、千叶繁,86.0,日本
1239144,左手右手,2018-12-07,张万一,马境、李修蒙、张嘉、任伟,95.0,中国大陆
1227795,云上日出,2018-12-11,熊玮,荣梓杉、关亚军、丁宁、郭紫铭,102.0,中国大陆
1243911,春天的马拉松,2018-12-14,夏晓昀,张铎、郑昊、杨立新、徐百卉,90.0,中国大陆
346465,绿毛怪格林奇,2018-12-14,亚罗·切尼,本尼迪克特·康伯巴奇、卡梅伦·丝蕾、拉什达·琼斯、亚罗·切尼,85.0,美国
1246536,闽宁镇,2018-12-06,董玲,姬他、王洛勇、张圣岳、邵老五,115.0,中国大陆
1228750,照相师,2018-12-12,张唯,谢钢、刘牧、康磊、涓子,112.0,中国大陆
1228046,黄大年,2018-12-12,成科,张秋歌、史可、哈斯高娃、李卓琳,89.0,中国大陆
1229950,午夜整容室,2018-12-14,曹志鹏,赖晶晶、王李丹妮、陈垚、潘彦妃,82.0,中国大陆
1239646,破天荒,2018-12-14,罗金耀,晋松、张恒睿、A娜、范德·麦克劳德,90.0,中国大陆
1242461,来日方长,2018-12-14,刘德强,孙聪、李明、于又川、铁牛,87.0,中国大陆
1234419,堡藏,2018-12-14,刘峰,安赛龙、西塞儿·拉斯姆森、甘林熠、刘峰,93.0,中国大陆
1212512,蜘蛛侠：平行宇宙,2018-12-21,鲍勃·佩尔西凯蒂,彭昱畅、杰克·M·约翰森、鲍勃·佩尔西凯蒂、彼得·拉姆齐,116.0,美国
1216315,轻轻握住你的手,2018-12-14,张健伟,郭冬冬、马藜、李保民、龚诗瑶,100.0,中国大陆
1206838,淡蓝琥珀,2018-12-17,周劼,王真儿、吕聿来、耿乐、张瑶,97.0,中国大陆
1229915,中国合伙人2,2018-12-18,刘亚当,赵立新、凌潇肃、王嘉、董琦,123.0,中国大陆
1221348,又是一年三月三,2018-12-20,马会雷,刘之冰、颜丹晨、王志刚、孙亮,120.0,中国大陆
1217270,片警宝音,2018-12-19,杨瑾,宝音尼木胡、巴德玛、陈维涵、塔娜,97.0,中国大陆
342165,武林怪兽,2018-12-21,刘伟强,古天乐、陈学冬、郭碧婷、包贝尔,104.0,"中国大陆,中国香港"
343866,超级快递,2016-12-02,宋啸,陈赫、宋智孝、大卫·贝尔、肖央,90.0,"中国大陆,韩国,法国"
1198735,辛巴达与美人鱼公主,2017-01-07,李霞,杨进、唐泽宗、吴凡、王雪沁,80.0,中国大陆
344649,天气预爆,2018-12-21,肖央,肖央、杜鹃、常远、小沈阳,104.0,中国大陆
1242941,夜魔奇案,2018-12-21,邵大卫,乔乔、何若鹤、许政国、马江德,104.0,中国大陆
1227005,侠路相逢,2019-10-18,邵亚峰,姜武、邵兵、姚娆、王晟权,96.0,中国大陆
1229697,四个春天,2019-01-04,陆庆屹,陆运坤、李桂贤、陆庆伟、陆庆松,105.0,中国大陆
1249315,大路朝天,2018-12-22,苗月,陈瑾、李保田、孙敏、白微,120.0,中国大陆
1196131,神探狗笨吉,2018-12-28,布兰登·坎普,加布里埃尔·贝特曼、达比·坎普、基拉·桑切斯、安格斯·桑普森,85.0,美国
1174518,“大”人物,2019-01-10,五百,王千源、包贝尔、王迅、王砚辉,105.0,中国大陆
1204476,印度暴徒,2018-12-28,维贾伊·克利须那·阿查里雅,阿米尔·汗、阿米达普·巴强、法缇玛·萨那·纱卡、卡特莉娜·卡芙,164.0,印度
345036,地球最后的夜晚,2018-12-31,毕赣,汤唯、黄觉、张艾嘉、李鸿其,138.0,中国大陆
1240159,来电狂响,2018-12-28,于淼,佟大为、马丽、霍思燕、乔杉,103.0,中国大陆
345172,奎迪：英雄再起,2019-01-04,小斯蒂芬·卡普尔,迈克尔·B·乔丹、西尔维斯特·史泰龙、泰莎·汤普森、杜夫·龙格尔,130.0,美国
641,麦兜当当伴我心,2012-07-10,谢立文,张正中、吴君如、许飞、黄秋生,80.0,"中国香港,中国大陆"
345655,云南虫谷,2018-12-29,非行,蔡珩、顾璇、于恒、成泰燊,110.0,中国大陆
1229768,两只小猪之勇闯神秘岛,2018-12-30,罗红胜,,80.0,中国大陆
1218253,阿里巴巴三根金发,2018-12-30,蒋叶峰,杨进,82.0,中国大陆
1206875,大黄蜂,2019-01-04,特拉维斯·奈特,海莉·斯坦菲尔德、约翰·塞纳、小豪尔赫·兰登伯格、杰森·德鲁克,114.0,美国
1249531,热土,2018-12-28,周琦,吴其江、赵梦迪、李宝安、王馨琳,102.0,中国大陆
1244914,龟兔大作战,2018-12-30,代长浩,陈帅、杨进、唐泽宗,83.0,中国大陆
246397,西游记之大圣归来,2015-07-10,田晓鹏,张磊、张欣、林子杰、吉吉,89.0,中国大陆
1189514,断片之险途夺宝,2018-12-29,罗登,葛优、岳云鹏、杜淳、蔡卓妍,94.0,中国大陆
1233852,午夜废墟,2019-05-24,胡韵,张圣岳、常奕然、刘俊峰、曾漪莲,91.0,中国大陆
358750,刀剑神域：序列之争,2017-09-15,伊藤智彦,松冈祯丞、户松遥、伊藤加奈惠、竹达彩奈,119.0,日本
